{
  "weights": [
    0.09311720975544885,
    0.0982451551122138,
    -0.008353324485512398,
    -0.013783716663490878,
    0.001625245027962413,
    -0.01139073007866727,
    0.022224786634845766,
    -0.06337439768358319,
    0.09487611345272888,
    -0.017798684695828074,
    -0.021146079273046847,
    -0.010850986242061692
  ],
  "bias": 0.6991663881329584,
  "mean": [
    2.6912682407678292,
    2.6870061316794014,
    0.0027839521467385993,
    0.004957313662308696,
    0.0008531875847820941,
    0.6944857885496539,
    122.64897457327432,
    4.7395001803494345,
    0.6621770758059553,
    0.04734590796432225,
    0.9985078841598789,
    2.3568401173113407
  ],
  "std": [
    1.3364910660550575,
    1.3297668393076467,
    0.08442686877623169,
    0.1632139213984274,
    0.02903670363821251,
    0.03732351491183642,
    50.68959360611729,
    0.4054147574555455,
    0.2285071631188486,
    0.03105967951942139,
    0.03689230859928354,
    0.30626690746400703
  ],
  "n_features": 12
}